,City,2018rank,State,2018estimate,2010Census,Change,2016 land area (sq miles),2016 land area (sq km),2016 population density (sq miles),2016 population density (sq km),Location,Link
0,New York City,1,New York,8398748,8175133,+2.74%,3015,7809,28317,10933,40°39′49″N 73°56′19″W﻿ / ﻿40.6635°N 73.9387°W﻿ / 40.6635; -73.9387﻿ (1 New York City),https://en.wikipedia.org/wiki/New_York_City
1,Los Angeles,2,California,3990456,3792621,+5.22%,4687,1139,8484,376,34°01′10″N 118°24′39″W﻿ / ﻿34.0194°N 118.4108°W﻿ / 34.0194; -118.4108﻿ (2 Los Angeles),https://en.wikipedia.org/wiki/Los_Angeles
2,Chicago,3,Illinois,2705994,2695598,+0.39%,2273,5887,11900,4600,41°50′15″N 87°40′54″W﻿ / ﻿41.8376°N 87.6818°W﻿ / 41.8376; -87.6818﻿ (3 Chicago),https://en.wikipedia.org/wiki/Chicago
3,Houston,4,Texas,2325502,2100263,+10.72%,6375,16511,3613,1395,29°47′12″N 95°23′27″W﻿ / ﻿29.7866°N 95.3909°W﻿ / 29.7866; -95.3909﻿ (4 Houston),https://en.wikipedia.org/wiki/Houston
4,Phoenix,5,Arizona,1660272,1445632,+14.85%,5176,13406,3120,100,33°34′20″N 112°05′24″W﻿ / ﻿33.5722°N 112.0901°W﻿ / 33.5722; -112.0901﻿ (6 Phoenix),"https://en.wikipedia.org/wiki/Phoenix,_Arizona"
5,Philadelphia,6,Pennsylvania,1584138,1526006,+3.81%,1342,3476,11683,4511,40°00′34″N 75°08′00″W﻿ / ﻿40.0094°N 75.1333°W﻿ / 40.0094; -75.1333﻿ (5 Philadelphia),https://en.wikipedia.org/wiki/Philadelphia
6,San Antonio,7,Texas,1532233,1327407,+15.43%,4610,11940,3238,150,29°28′21″N 98°31′30″W﻿ / ﻿29.4724°N 98.5251°W﻿ / 29.4724; -98.5251﻿ (7 San Antonio),https://en.wikipedia.org/wiki/San_Antonio
7,San Diego,8,California,1425976,1307402,+9.07%,3252,843,4325,1670,32°48′55″N 117°08′06″W﻿ / ﻿32.8153°N 117.1350°W﻿ / 32.8153; -117.1350﻿ (8 San Diego),https://en.wikipedia.org/wiki/San_Diego
8,Dallas,9,Texas,1345047,1197816,+12.29%,3409,889,3866,1493,32°47′36″N 96°45′59″W﻿ / ﻿32.7933°N 96.7665°W﻿ / 32.7933; -96.7665﻿ (9 Dallas),https://en.wikipedia.org/wiki/Dallas
9,San Jose,10,California,1030119,945942,+8.90%,1775,4597,5777,31,37°17′48″N 121°49′08″W﻿ / ﻿37.2967°N 121.8189°W﻿ / 37.2967; -121.8189﻿ (10 San Jose),"https://en.wikipedia.org/wiki/San_Jose,_California"
10,Austin,11,Texas,964254,790390,+22.00%,3127,8099,3031,1170,30°18′14″N 97°45′16″W﻿ / ﻿30.3039°N 97.7544°W﻿ / 30.3039; -97.7544﻿ (11 Austin),"https://en.wikipedia.org/wiki/Austin,_Texas"
11,Jacksonville,12,Florida,903889,821784,+9.99%,7474,19358,1178,455,30°20′13″N 81°39′42″W﻿ / ﻿30.3369°N 81.6616°W﻿ / 30.3369; -81.6616﻿ (12 Jacksonville),"https://en.wikipedia.org/wiki/Jacksonville,_Florida"
12,Fort Worth,13,Texas,895008,741206,+20.75%,3429,8881,2491,96,32°46′53″N 97°20′48″W﻿ / ﻿32.7815°N 97.3467°W﻿ / 32.7815; -97.3467﻿ (16 Fort Worth),"https://en.wikipedia.org/wiki/Fort_Worth,_Texas"
13,Columbus,14,Ohio,892533,787033,+13.40%,2185,5659,3936,150,39°59′07″N 82°59′05″W﻿ / ﻿39.9852°N 82.9848°W﻿ / 39.9852; -82.9848﻿ (15 Columbus),"https://en.wikipedia.org/wiki/Columbus,_Ohio"
14,San Francisco,15,California,883305,805235,+9.70%,469,115,18569,7170,37°43′38″N 123°01′56″W﻿ / ﻿37.7272°N 123.0322°W﻿ / 37.7272; -123.0322﻿ (13 San Francisco),https://en.wikipedia.org/wiki/San_Francisco
15,Charlotte,16,North Carolina,872498,731424,+19.29%,3054,7910,2757,1064,35°12′28″N 80°49′52″W﻿ / ﻿35.2078°N 80.8310°W﻿ / 35.2078; -80.8310﻿ (17 Charlotte),"https://en.wikipedia.org/wiki/Charlotte,_North_Carolina"
16,Indianapolis,17,Indiana,867125,820445,+5.69%,3615,9363,2366,914,39°46′36″N 86°08′45″W﻿ / ﻿39.7767°N 86.1459°W﻿ / 39.7767; -86.1459﻿ (14 Indianapolis),https://en.wikipedia.org/wiki/Indianapolis
17,Seattle,18,Washington,744955,608660,+22.39%,838,170,8405,345,47°37′14″N 122°21′03″W﻿ / ﻿47.6205°N 122.3509°W﻿ / 47.6205; -122.3509﻿ (20 Seattle),https://en.wikipedia.org/wiki/Seattle
18,Denver,19,Colorado,716492,600158,+19.38%,1533,3970,4521,1746,39°45′43″N 104°52′52″W﻿ / ﻿39.7619°N 104.8811°W﻿ / 39.7619; -104.8811﻿ (Denver),https://en.wikipedia.org/wiki/Denver
19,"Washington, D.C.",20,District of Columbia,702455,601723,+16.74%,611,158,11148,4304,"38°54′15″N 77°01′02″W﻿ / ﻿38.9041°N 77.0172°W﻿ / 38.9041; -77.0172﻿ (Washington, D.C.)","https://en.wikipedia.org/wiki/Washington,_D.C."
20,Boston,21,Massachusetts,694583,617594,+12.47%,483,151,13938,5381,42°19′55″N 71°01′13″W﻿ / ﻿42.3320°N 71.0202°W﻿ / 42.3320; -71.0202﻿ (Boston),https://en.wikipedia.org/wiki/Boston
21,El Paso,22,Texas,682669,649121,+5.17%,2568,6651,2660,1030,31°50′54″N 106°25′37″W﻿ / ﻿31.8484°N 106.4270°W﻿ / 31.8484; -106.4270﻿ (19 El Paso),"https://en.wikipedia.org/wiki/El_Paso,_Texas"
22,Detroit,23,Michigan,672662,713777,−5.76%,1388,3595,4847,1871,42°22′59″N 83°06′08″W﻿ / ﻿42.3830°N 83.1022°W﻿ / 42.3830; -83.1022﻿ (18 Detroit),https://en.wikipedia.org/wiki/Detroit
23,Nashville,24,Tennessee,669053,601222,+11.28%,4759,136,1388,536,36°10′18″N 86°47′06″W﻿ / ﻿36.1718°N 86.7850°W﻿ / 36.1718; -86.7850﻿ (Nashville),"https://en.wikipedia.org/wiki/Nashville,_Tennessee"
24,Portland,25,Oregon,653115,583776,+11.88%,1335,3458,4793,1851,45°32′13″N 122°39′00″W﻿ / ﻿45.5370°N 122.6500°W﻿ / 45.5370; -122.6500﻿ (Portland),"https://en.wikipedia.org/wiki/Portland,_Oregon"
25,Memphis,26,Tennessee,650618,646889,+0.58%,3174,81,2056,794,35°06′10″N 89°58′39″W﻿ / ﻿35.1028°N 89.9774°W﻿ / 35.1028; -89.9774﻿ (Memphis),"https://en.wikipedia.org/wiki/Memphis,_Tennessee"
26,Oklahoma City,27,Oklahoma,649021,579999,+11.90%,6063,15703,1053,407,35°28′02″N 97°30′49″W﻿ / ﻿35.4671°N 97.5137°W﻿ / 35.4671; -97.5137﻿ (Oklahoma City),https://en.wikipedia.org/wiki/Oklahoma_City
27,Las Vegas,28,Nevada,644644,583756,+10.43%,1344,3481,4709,1818,36°13′45″N 115°15′36″W﻿ / ﻿36.2292°N 115.2601°W﻿ / 36.2292; -115.2601﻿ (Las Vegas),https://en.wikipedia.org/wiki/Las_Vegas
28,Louisville,29,Kentucky,620118,597337,+3.81%,2635,685,2339,903,38°09′55″N 85°38′51″W﻿ / ﻿38.1654°N 85.6474°W﻿ / 38.1654; -85.6474﻿ (Louisville),"https://en.wikipedia.org/wiki/Louisville,_Kentucky"
29,Baltimore,30,Maryland,602495,620961,−2.97%,809,095,7598,934,39°18′00″N 76°36′38″W﻿ / ﻿39.3000°N 76.6105°W﻿ / 39.3000; -76.6105﻿ (Baltimore),https://en.wikipedia.org/wiki/Baltimore
30,Milwaukee,31,Wisconsin,592025,594833,−0.47%,962,49,6186,388,43°03′48″N 87°58′00″W﻿ / ﻿43.0633°N 87.9667°W﻿ / 43.0633; -87.9667﻿ (Milwaukee),https://en.wikipedia.org/wiki/Milwaukee
31,Albuquerque,32,New Mexico,560218,545852,+2.63%,1882,4874,2972,1147,35°06′20″N 106°38′51″W﻿ / ﻿35.1056°N 106.6474°W﻿ / 35.1056; -106.6474﻿ (Albuquerque),"https://en.wikipedia.org/wiki/Albuquerque,_New_Mexico"
32,Tucson,33,Arizona,545975,520116,+4.97%,2308,5978,2299,888,32°09′11″N 110°52′14″W﻿ / ﻿32.1531°N 110.8706°W﻿ / 32.1531; -110.8706﻿ (Tucson),"https://en.wikipedia.org/wiki/Tucson,_Arizona"
33,Fresno,34,California,530093,494665,+7.16%,1144,963,4563,176,36°47′01″N 119°47′36″W﻿ / ﻿36.7836°N 119.7934°W﻿ / 36.7836; -119.7934﻿ (Fresno),"https://en.wikipedia.org/wiki/Fresno,_California"
34,Mesa,35,Arizona,508958,439041,+15.92%,1379,357,3514,1357,33°24′07″N 111°43′03″W﻿ / ﻿33.4019°N 111.7174°W﻿ / 33.4019; -111.7174﻿ (Mesa),"https://en.wikipedia.org/wiki/Mesa,_Arizona"
35,Sacramento,36,California,508529,466488,+9.01%,979,536,5059,1953,38°34′00″N 121°28′07″W﻿ / ﻿38.5666°N 121.4686°W﻿ / 38.5666; -121.4686﻿ (Sacramento),"https://en.wikipedia.org/wiki/Sacramento,_California"
36,Atlanta,37,Georgia,498044,420003,+18.58%,1335,3458,3539,1366,33°45′46″N 84°25′22″W﻿ / ﻿33.7629°N 84.4227°W﻿ / 33.7629; -84.4227﻿ (Atlanta),https://en.wikipedia.org/wiki/Atlanta
37,Kansas City,38,Missouri,491918,459787,+6.99%,3150,8158,1528,590,"39°07′30″N 94°33′04″W﻿ / ﻿39.1251°N 94.5510°W﻿ / 39.1251; -94.5510﻿ (Kansas City, MO)","https://en.wikipedia.org/wiki/Kansas_City,_Missouri"
38,Colorado Springs,39,Colorado,472688,416427,+13.51%,1956,5066,2378,918,38°52′02″N 104°45′39″W﻿ / ﻿38.8673°N 104.7607°W﻿ / 38.8673; -104.7607﻿ (Colorado Springs),"https://en.wikipedia.org/wiki/Colorado_Springs,_Colorado"
39,Miami,40,Florida,470914,399457,+17.89%,360,93,12599,4865,25°46′31″N 80°12′31″W﻿ / ﻿25.7752°N 80.2086°W﻿ / 25.7752; -80.2086﻿ (Miami),https://en.wikipedia.org/wiki/Miami
40,Raleigh,41,North Carolina,469298,403892,+16.19%,1451,3758,3163,11,35°49′50″N 78°38′30″W﻿ / ﻿35.8306°N 78.6418°W﻿ / 35.8306; -78.6418﻿ (Raleigh),"https://en.wikipedia.org/wiki/Raleigh,_North_Carolina"
41,Omaha,42,Nebraska,468262,408958,+14.50%,1332,3450,3356,196,41°15′52″N 96°02′42″W﻿ / ﻿41.2644°N 96.0451°W﻿ / 41.2644; -96.0451﻿ (Omaha),"https://en.wikipedia.org/wiki/Omaha,_Nebraska"
42,Long Beach,43,California,467354,462257,+1.10%,503,1303,9347,3609,33°48′33″N 118°09′19″W﻿ / ﻿33.8092°N 118.1553°W﻿ / 33.8092; -118.1553﻿ (Long Beach),"https://en.wikipedia.org/wiki/Long_Beach,_California"
43,Virginia Beach,44,Virginia,450189,437994,+2.78%,2447,6338,1850,710,36°46′48″N 76°01′31″W﻿ / ﻿36.7800°N 76.0252°W﻿ / 36.7800; -76.0252﻿ (Virginia Beach),"https://en.wikipedia.org/wiki/Virginia_Beach,_Virginia"
44,Oakland,45,California,429082,390724,+9.82%,559,1448,7514,901,37°46′11″N 122°13′33″W﻿ / ﻿37.7698°N 122.2257°W﻿ / 37.7698; -122.2257﻿ (Oakland),"https://en.wikipedia.org/wiki/Oakland,_California"
45,Minneapolis,46,Minnesota,425403,382578,+11.19%,540,1399,7660,960,44°57′48″N 93°16′06″W﻿ / ﻿44.9633°N 93.2683°W﻿ / 44.9633; -93.2683﻿ (Minneapolis),https://en.wikipedia.org/wiki/Minneapolis
46,Tulsa,47,Oklahoma,400669,391906,+2.24%,1968,5097,2048,791,36°07′40″N 95°54′08″W﻿ / ﻿36.1279°N 95.9023°W﻿ / 36.1279; -95.9023﻿ (Tulsa),"https://en.wikipedia.org/wiki/Tulsa,_Oklahoma"
47,Arlington,48,Texas,398112,365438,+8.94%,958,481,4100,1600,32°42′03″N 97°07′29″W﻿ / ﻿32.7007°N 97.1247°W﻿ / 32.7007; -97.1247﻿ (Arlington),"https://en.wikipedia.org/wiki/Arlington,_Texas"
48,Tampa,49,Florida,392890,335709,+17.03%,1134,937,3326,184,27°58′12″N 82°28′47″W﻿ / ﻿27.9701°N 82.4797°W﻿ / 27.9701; -82.4797﻿ (Tampa),"https://en.wikipedia.org/wiki/Tampa,_Florida"
49,New Orleans,50,Louisiana,391006,343829,+13.72%,1694,4387,2311,89,30°03′12″N 89°56′04″W﻿ / ﻿30.0534°N 89.9345°W﻿ / 30.0534; -89.9345﻿ (New Orleans),https://en.wikipedia.org/wiki/New_Orleans
50,Wichita,51,Kansas,389255,382368,+1.80%,1604,4154,2431,939,37°41′27″N 97°20′45″W﻿ / ﻿37.6907°N 97.3459°W﻿ / 37.6907; -97.3459﻿ (Wichita),"https://en.wikipedia.org/wiki/Wichita,_Kansas"
51,Cleveland,52,Ohio,383793,396815,−3.28%,777,01,4965,1917,41°28′43″N 81°40′46″W﻿ / ﻿41.4785°N 81.6794°W﻿ / 41.4785; -81.6794﻿ (Cleveland),https://en.wikipedia.org/wiki/Cleveland
52,Bakersfield,53,California,383579,347483,+10.39%,1488,3854,2529,976,35°19′16″N 119°01′06″W﻿ / ﻿35.3212°N 119.0183°W﻿ / 35.3212; -119.0183﻿ (Bakersfield),"https://en.wikipedia.org/wiki/Bakersfield,_California"
53,Aurora,54,Colorado,374114,325078,+15.08%,1535,3976,2356,910,39°41′17″N 104°41′23″W﻿ / ﻿39.6880°N 104.6897°W﻿ / 39.6880; -104.6897﻿ (Aurora),"https://en.wikipedia.org/wiki/Aurora,_Colorado"
54,Anaheim,55,California,352005,336265,+4.68%,500,195,7021,711,33°51′20″N 117°45′36″W﻿ / ﻿33.8555°N 117.7601°W﻿ / 33.8555; -117.7601﻿ (Anaheim),"https://en.wikipedia.org/wiki/Anaheim,_California"
55,Honolulu,56,Hawaii,347397,337256,+3.01%,605,1567,5815,45,21°19′27″N 157°50′51″W﻿ / ﻿21.3243°N 157.8476°W﻿ / 21.3243; -157.8476﻿ (Honolulu),https://en.wikipedia.org/wiki/Honolulu
56,Santa Ana,57,California,332725,324528,+2.53%,271,70,12333,476,33°44′11″N 117°52′59″W﻿ / ﻿33.7363°N 117.8830°W﻿ / 33.7363; -117.8830﻿ (Santa Ana),"https://en.wikipedia.org/wiki/Santa_Ana,_California"
57,Riverside,58,California,330063,303871,+8.62%,812,103,3999,1544,33°56′17″N 117°23′36″W﻿ / ﻿33.9381°N 117.3932°W﻿ / 33.9381; -117.3932﻿ (Riverside),"https://en.wikipedia.org/wiki/Riverside,_California"
58,Corpus Christi,59,Texas,326554,305215,+6.99%,1746,45,1866,70,27°45′15″N 97°10′24″W﻿ / ﻿27.7543°N 97.1734°W﻿ / 27.7543; -97.1734﻿ (Corpus Christi),"https://en.wikipedia.org/wiki/Corpus_Christi,_Texas"
59,Lexington,60,Kentucky,323780,295803,+9.46%,2836,7345,1123,434,38°02′27″N 84°27′30″W﻿ / ﻿38.0407°N 84.4583°W﻿ / 38.0407; -84.4583﻿ (Lexington),"https://en.wikipedia.org/wiki/Lexington,_Kentucky"
60,Stockton,61,California,311178,291707,+6.67%,617,1598,4977,19,37°58′35″N 121°18′48″W﻿ / ﻿37.9763°N 121.3133°W﻿ / 37.9763; -121.3133﻿ (Stockton),"https://en.wikipedia.org/wiki/Stockton,_California"
61,Henderson,62,Nevada,310390,257729,+20.43%,1047,71,2798,1080,36°00′35″N 115°02′09″W﻿ / ﻿36.0097°N 115.0357°W﻿ / 36.0097; -115.0357﻿ (Henderson),"https://en.wikipedia.org/wiki/Henderson,_Nevada"
62,Saint Paul,63,Minnesota,307695,285068,+7.94%,520,1347,5815,45,44°56′56″N 93°06′15″W﻿ / ﻿44.9489°N 93.1041°W﻿ / 44.9489; -93.1041﻿ (Saint Paul),"https://en.wikipedia.org/wiki/Saint_Paul,_Minnesota"
63,St. Louis,64,Missouri,302838,319294,−5.15%,620,1606,5023,1939,38°38′09″N 90°14′41″W﻿ / ﻿38.6357°N 90.2446°W﻿ / 38.6357; -90.2446﻿ (St. Louis),https://en.wikipedia.org/wiki/St._Louis
64,Cincinnati,65,Ohio,302605,296943,+1.91%,774,005,3860,1490,39°08′25″N 84°30′21″W﻿ / ﻿39.1402°N 84.5058°W﻿ / 39.1402; -84.5058﻿ (Cincinnati),https://en.wikipedia.org/wiki/Cincinnati
65,Pittsburgh,66,Pennsylvania,301048,305704,−1.52%,554,1435,5481,116,40°26′23″N 79°58′36″W﻿ / ﻿40.4398°N 79.9766°W﻿ / 40.4398; -79.9766﻿ (Pittsburgh),https://en.wikipedia.org/wiki/Pittsburgh
66,Greensboro,67,North Carolina,294722,269666,+9.29%,1283,333,2237,864,36°05′42″N 79°49′37″W﻿ / ﻿36.0951°N 79.8270°W﻿ / 36.0951; -79.8270﻿ (Greensboro),"https://en.wikipedia.org/wiki/Greensboro,_North_Carolina"
67,Anchorage,68,Alaska,291538,291826,−0.10%,17066,4401,175,68,61°10′27″N 149°17′03″W﻿ / ﻿61.1743°N 149.2843°W﻿ / 61.1743; -149.2843﻿ (Anchorage),"https://en.wikipedia.org/wiki/Anchorage,_Alaska"
68,Plano,69,Texas,288061,259841,+10.86%,717,1857,3990,1540,33°03′03″N 96°44′52″W﻿ / ﻿33.0508°N 96.7479°W﻿ / 33.0508; -96.7479﻿ (Plano),"https://en.wikipedia.org/wiki/Plano,_Texas"
69,Lincoln,70,Nebraska,287401,258379,+11.23%,921,385,3044,1175,40°48′38″N 96°40′49″W﻿ / ﻿40.8105°N 96.6803°W﻿ / 40.8105; -96.6803﻿ (Lincoln),"https://en.wikipedia.org/wiki/Lincoln,_Nebraska"
70,Orlando,71,Florida,285713,238300,+19.90%,1052,75,2635,1017,28°25′00″N 81°16′25″W﻿ / ﻿28.4166°N 81.2736°W﻿ / 28.4166; -81.2736﻿ (Orlando),"https://en.wikipedia.org/wiki/Orlando,_Florida"
71,Irvine,72,California,282572,212375,+33.05%,656,1699,4057,1566,33°40′42″N 117°46′17″W﻿ / ﻿33.6784°N 117.7713°W﻿ / 33.6784; -117.7713﻿ (Irvine),"https://en.wikipedia.org/wiki/Irvine,_California"
72,Newark,73,New Jersey,282090,277140,+1.79%,241,64,11691,4514,40°43′27″N 74°10′21″W﻿ / ﻿40.7242°N 74.1726°W﻿ / 40.7242; -74.1726﻿ (Newark),"https://en.wikipedia.org/wiki/Newark,_New_Jersey"
73,Toledo,74,Ohio,274975,287208,−4.26%,807,090,3451,133,41°39′51″N 83°34′55″W﻿ / ﻿41.6641°N 83.5819°W﻿ / 41.6641; -83.5819﻿ (Toledo),"https://en.wikipedia.org/wiki/Toledo,_Ohio"
74,Durham,75,North Carolina,274291,228330,+20.13%,1098,844,2395,95,35°58′52″N 78°54′10″W﻿ / ﻿35.9811°N 78.9029°W﻿ / 35.9811; -78.9029﻿ (Durham),"https://en.wikipedia.org/wiki/Durham,_North_Carolina"
75,Chula Vista,76,California,271651,243916,+11.37%,496,185,5387,080,32°37′40″N 117°00′55″W﻿ / ﻿32.6277°N 117.0152°W﻿ / 32.6277; -117.0152﻿ (Chula Vista),"https://en.wikipedia.org/wiki/Chula_Vista,_California"
76,Fort Wayne,77,Indiana,267633,253691,+5.50%,1106,865,2391,93,41°05′18″N 85°08′38″W﻿ / ﻿41.0882°N 85.1439°W﻿ / 41.0882; -85.1439﻿ (Fort Wayne),"https://en.wikipedia.org/wiki/Fort_Wayne,_Indiana"
77,Jersey City,78,New Jersey,265549,247597,+7.25%,148,383,17848,6891,40°42′41″N 74°03′53″W﻿ / ﻿40.7114°N 74.0648°W﻿ / 40.7114; -74.0648﻿ (Jersey City),"https://en.wikipedia.org/wiki/Jersey_City,_New_Jersey"
78,St. Petersburg,79,Florida,265098,244769,+8.31%,618,1601,4223,1631,27°45′43″N 82°38′39″W﻿ / ﻿27.7620°N 82.6441°W﻿ / 27.7620; -82.6441﻿ (St. Petersburg),"https://en.wikipedia.org/wiki/St._Petersburg,_Florida"
79,Laredo,80,Texas,261639,236091,+10.82%,1011,618,2544,98,27°33′37″N 99°29′21″W﻿ / ﻿27.5604°N 99.4892°W﻿ / 27.5604; -99.4892﻿ (Laredo),"https://en.wikipedia.org/wiki/Laredo,_Texas"
80,Madison,81,Wisconsin,258054,233209,+10.65%,770,1994,3280,170,43°05′16″N 89°25′48″W﻿ / ﻿43.0878°N 89.4299°W﻿ / 43.0878; -89.4299﻿ (Madison),"https://en.wikipedia.org/wiki/Madison,_Wisconsin"
81,Chandler,82,Arizona,257165,236123,+8.91%,649,1681,3813,147,33°16′58″N 111°51′18″W﻿ / ﻿33.2829°N 111.8549°W﻿ / 33.2829; -111.8549﻿ (Chandler),"https://en.wikipedia.org/wiki/Chandler,_Arizona"
82,Buffalo,83,New York,256304,261310,−1.92%,404,1046,6359,455,42°53′33″N 78°51′35″W﻿ / ﻿42.8925°N 78.8597°W﻿ / 42.8925; -78.8597﻿ (Buffalo),"https://en.wikipedia.org/wiki/Buffalo,_New_York"
83,Lubbock,84,Texas,255885,229573,+11.46%,1246,37,2027,783,33°33′56″N 101°53′12″W﻿ / ﻿33.5656°N 101.8867°W﻿ / 33.5656; -101.8867﻿ (Lubbock),"https://en.wikipedia.org/wiki/Lubbock,_Texas"
84,Scottsdale,85,Arizona,255310,217385,+17.45%,1839,4763,1341,518,33°41′03″N 111°51′40″W﻿ / ﻿33.6843°N 111.8611°W﻿ / 33.6843; -111.8611﻿ (Scottsdale),"https://en.wikipedia.org/wiki/Scottsdale,_Arizona"
85,Reno,86,Nevada,250998,225221,+11.45%,1073,779,2286,883,39°32′57″N 119°51′00″W﻿ / ﻿39.5491°N 119.8499°W﻿ / 39.5491; -119.8499﻿ (Reno),"https://en.wikipedia.org/wiki/Reno,_Nevada"
86,Glendale,87,Arizona,250702,226721,+10.58%,591,1531,4161,1607,33°31′59″N 112°11′24″W﻿ / ﻿33.5331°N 112.1899°W﻿ / 33.5331; -112.1899﻿ (Glendale),"https://en.wikipedia.org/wiki/Glendale,_Arizona"
87,Gilbert,88,Arizona,248279,208453,+19.11%,680,1761,3487,1346,33°18′37″N 111°44′35″W﻿ / ﻿33.3103°N 111.7431°W﻿ / 33.3103; -111.7431﻿ (Gilbert),"https://en.wikipedia.org/wiki/Gilbert,_Arizona"
88,Winston–Salem,89,North Carolina,246328,229617,+7.28%,1325,343,1828,706,36°06′10″N 80°15′40″W﻿ / ﻿36.1027°N 80.2610°W﻿ / 36.1027; -80.2610﻿ (Winston-Salem),"https://en.wikipedia.org/wiki/Winston%E2%80%93Salem,_North_Carolina"
89,North Las Vegas,90,Nevada,245949,216961,+13.36%,980,538,2436,941,36°17′09″N 115°05′38″W﻿ / ﻿36.2857°N 115.0939°W﻿ / 36.2857; -115.0939﻿ (North Las Vegas),"https://en.wikipedia.org/wiki/North_Las_Vegas,_Nevada"
90,Norfolk,91,Virginia,244076,242803,+0.52%,533,1380,4599,1776,36°55′23″N 76°14′41″W﻿ / ﻿36.9230°N 76.2446°W﻿ / 36.9230; -76.2446﻿ (Norfolk),"https://en.wikipedia.org/wiki/Norfolk,_Virginia"
91,Chesapeake,92,Virginia,242634,222209,+9.19%,3385,8767,703,71,36°40′46″N 76°18′06″W﻿ / ﻿36.6794°N 76.3018°W﻿ / 36.6794; -76.3018﻿ (Chesapeake),"https://en.wikipedia.org/wiki/Chesapeake,_Virginia"
92,Garland,93,Texas,242507,226876,+6.89%,570,1476,4122,159,32°54′35″N 96°37′49″W﻿ / ﻿32.9098°N 96.6303°W﻿ / 32.9098; -96.6303﻿ (Garland),"https://en.wikipedia.org/wiki/Garland,_Texas"
93,Irving,94,Texas,242242,216290,+12.00%,670,1735,3557,1373,32°51′28″N 96°58′12″W﻿ / ﻿32.8577°N 96.9700°W﻿ / 32.8577; -96.9700﻿ (Irving),"https://en.wikipedia.org/wiki/Irving,_Texas"
94,Hialeah,95,Florida,238942,224669,+6.35%,215,557,10995,445,25°52′12″N 80°18′10″W﻿ / ﻿25.8699°N 80.3029°W﻿ / 25.8699; -80.3029﻿ (Hialeah),"https://en.wikipedia.org/wiki/Hialeah,_Florida"
95,Fremont,96,California,237807,214089,+11.08%,775,007,3008,1161,37°29′40″N 121°56′28″W﻿ / ﻿37.4945°N 121.9412°W﻿ / 37.4945; -121.9412﻿ (Fremont),"https://en.wikipedia.org/wiki/Fremont,_California"
96,Boise,97,Idaho,228790,205671,+11.24%,821,16,2718,1049,43°36′01″N 116°13′54″W﻿ / ﻿43.6002°N 116.2317°W﻿ / 43.6002; -116.2317﻿ (Boise),"https://en.wikipedia.org/wiki/Boise,_Idaho"
97,Richmond,98,Virginia,228783,204214,+12.03%,598,1549,3732,1441,37°31′53″N 77°28′34″W﻿ / ﻿37.5314°N 77.4760°W﻿ / 37.5314; -77.4760﻿ (Richmond),"https://en.wikipedia.org/wiki/Richmond,_Virginia"
98,Baton Rouge,99,Louisiana,221599,229493,−3.44%,859,5,2651,104,30°26′32″N 91°07′51″W﻿ / ﻿30.4422°N 91.1309°W﻿ / 30.4422; -91.1309﻿ (Baton Rouge),"https://en.wikipedia.org/wiki/Baton_Rouge,_Louisiana"
99,Spokane,100,Washington,219190,208916,+4.92%,687,1779,3144,114,47°40′01″N 117°26′00″W﻿ / ﻿47.6669°N 117.4333°W﻿ / 47.6669; -117.4333﻿ (Spokane),"https://en.wikipedia.org/wiki/Spokane,_Washington"
100,Des Moines,101,Iowa,216853,203433,+6.60%,889,30,2424,936,41°34′21″N 93°36′37″W﻿ / ﻿41.5726°N 93.6102°W﻿ / 41.5726; -93.6102﻿ (Des Moines),"https://en.wikipedia.org/wiki/Des_Moines,_Iowa"
101,Tacoma,102,Washington,216279,198397,+9.01%,497,187,4251,1641,47°15′08″N 122°27′35″W﻿ / ﻿47.2522°N 122.4598°W﻿ / 47.2522; -122.4598﻿ (Tacoma),"https://en.wikipedia.org/wiki/Tacoma,_Washington"
102,San Bernardino,103,California,215941,209924,+2.87%,615,1593,3516,1358,34°08′30″N 117°17′37″W﻿ / ﻿34.1416°N 117.2936°W﻿ / 34.1416; -117.2936﻿ (San Bernardino),"https://en.wikipedia.org/wiki/San_Bernardino,_California"
103,Modesto,104,California,215030,201165,+6.89%,430,1114,4934,1905,37°38′15″N 121°00′11″W﻿ / ﻿37.6375°N 121.0030°W﻿ / 37.6375; -121.0030﻿ (Modesto),"https://en.wikipedia.org/wiki/Modesto,_California"
104,Fontana,105,California,213739,196069,+9.01%,430,1114,4876,1883,34°06′32″N 117°27′46″W﻿ / ﻿34.1090°N 117.4629°W﻿ / 34.1090; -117.4629﻿ (Fontana),"https://en.wikipedia.org/wiki/Fontana,_California"
105,Santa Clarita,106,California,210089,176320,+19.15%,528,1368,3446,1331,34°24′11″N 118°30′15″W﻿ / ﻿34.4030°N 118.5042°W﻿ / 34.4030; -118.5042﻿ (Santa Clarita),"https://en.wikipedia.org/wiki/Santa_Clarita,_California"
106,Birmingham,107,Alabama,209880,212237,−1.11%,1461,3784,1452,561,33°31′39″N 86°47′56″W﻿ / ﻿33.5274°N 86.7990°W﻿ / 33.5274; -86.7990﻿ (Birmingham),"https://en.wikipedia.org/wiki/Birmingham,_Alabama"
107,Oxnard,108,California,209877,197899,+6.05%,269,697,7729,984,34°12′08″N 119°12′17″W﻿ / ﻿34.2023°N 119.2046°W﻿ / 34.2023; -119.2046﻿ (Oxnard),"https://en.wikipedia.org/wiki/Oxnard,_California"
108,Fayetteville,109,North Carolina,209468,200564,+4.44%,1477,385,1386,535,35°04′58″N 78°58′25″W﻿ / ﻿35.0828°N 78.9735°W﻿ / 35.0828; -78.9735﻿ (Fayetteville),"https://en.wikipedia.org/wiki/Fayetteville,_North_Carolina"
109,Moreno Valley,110,California,209050,193365,+8.11%,513,139,4006,1547,33°55′24″N 117°12′21″W﻿ / ﻿33.9233°N 117.2057°W﻿ / 33.9233; -117.2057﻿ (Moreno Valley),"https://en.wikipedia.org/wiki/Moreno_Valley,_California"
110,Rochester,111,New York,206284,210565,−2.03%,358,97,5835,53,43°10′12″N 77°37′01″W﻿ / ﻿43.1699°N 77.6169°W﻿ / 43.1699; -77.6169﻿ (Rochester),"https://en.wikipedia.org/wiki/Rochester,_New_York"
111,Glendale,112,California,201361,191719,+5.03%,304,787,6606,551,34°10′53″N 118°14′45″W﻿ / ﻿34.1814°N 118.2458°W﻿ / 34.1814; -118.2458﻿ (Glendale),"https://en.wikipedia.org/wiki/Glendale,_California"
112,Huntington Beach,113,California,200641,189992,+5.60%,269,697,7459,880,33°41′26″N 118°00′33″W﻿ / ﻿33.6906°N 118.0093°W﻿ / 33.6906; -118.0093﻿ (Huntington Beach),"https://en.wikipedia.org/wiki/Huntington_Beach,_California"
113,Salt Lake City,114,Utah,200591,186440,+7.59%,1112,880,1742,673,40°46′37″N 111°55′52″W﻿ / ﻿40.7769°N 111.9310°W﻿ / 40.7769; -111.9310﻿ (Salt Lake City),https://en.wikipedia.org/wiki/Salt_Lake_City
114,Grand Rapids,115,Michigan,200217,188040,+6.48%,444,1150,4424,1708,42°57′40″N 85°39′20″W﻿ / ﻿42.9612°N 85.6556°W﻿ / 42.9612; -85.6556﻿ (Grand Rapids),"https://en.wikipedia.org/wiki/Grand_Rapids,_Michigan"
115,Amarillo,116,Texas,199924,190695,+4.84%,1014,66,1968,760,35°12′00″N 101°49′49″W﻿ / ﻿35.1999°N 101.8302°W﻿ / 35.1999; -101.8302﻿ (Amarillo),"https://en.wikipedia.org/wiki/Amarillo,_Texas"
116,Yonkers,117,New York,199663,195976,+1.88%,180,466,11156,4307,40°56′45″N 73°52′03″W﻿ / ﻿40.9459°N 73.8674°W﻿ / 40.9459; -73.8674﻿ (Yonkers),"https://en.wikipedia.org/wiki/Yonkers,_New_York"
117,Aurora,118,Illinois,199602,197899,+0.86%,449,1163,4479,179,41°45′49″N 88°17′24″W﻿ / ﻿41.7635°N 88.2901°W﻿ / 41.7635; -88.2901﻿ (Aurora),"https://en.wikipedia.org/wiki/Aurora,_Illinois"
118,Montgomery,119,Alabama,198218,205764,−3.67%,1598,4139,1252,483,32°20′50″N 86°15′58″W﻿ / ﻿32.3472°N 86.2661°W﻿ / 32.3472; -86.2661﻿ (Montgomery),"https://en.wikipedia.org/wiki/Montgomery,_Alabama"
119,Akron,120,Ohio,198006,199110,−0.55%,620,1606,3188,131,41°04′50″N 81°31′17″W﻿ / ﻿41.0805°N 81.5214°W﻿ / 41.0805; -81.5214﻿ (Akron),"https://en.wikipedia.org/wiki/Akron,_Ohio"
120,Little Rock,121,Arkansas,197881,193524,+2.25%,1187,3074,1673,646,34°43′31″N 92°21′31″W﻿ / ﻿34.7254°N 92.3586°W﻿ / 34.7254; -92.3586﻿ (Little Rock),"https://en.wikipedia.org/wiki/Little_Rock,_Arkansas"
121,Huntsville,122,Alabama,197318,180105,+9.56%,2134,557,905,349,34°41′56″N 86°40′23″W﻿ / ﻿34.6990°N 86.6730°W﻿ / 34.6990; -86.6730﻿ (Huntsville),"https://en.wikipedia.org/wiki/Huntsville,_Alabama"
122,Augusta,123,Georgia,196939,195844,+0.56%,3025,7835,652,5,33°21′56″N 82°04′24″W﻿ / ﻿33.3655°N 82.0734°W﻿ / 33.3655; -82.0734﻿ (Augusta),"https://en.wikipedia.org/wiki/Augusta,_Georgia"
123,Port St. Lucie,124,Florida,195248,164603,+18.62%,1189,3079,1557,601,27°16′50″N 80°23′18″W﻿ / ﻿27.2806°N 80.3883°W﻿ / 27.2806; -80.3883﻿ (Port St. Lucie),"https://en.wikipedia.org/wiki/Port_St._Lucie,_Florida"
124,Grand Prairie,125,Texas,194614,175396,+10.96%,723,1873,2637,1018,32°41′13″N 97°01′16″W﻿ / ﻿32.6869°N 97.0211°W﻿ / 32.6869; -97.0211﻿ (Grand Prairie),"https://en.wikipedia.org/wiki/Grand_Prairie,_Texas"
125,Columbus,126,Georgia,194160,189885,+2.25%,2164,5605,913,353,32°30′37″N 84°52′30″W﻿ / ﻿32.5102°N 84.8749°W﻿ / 32.5102; -84.8749﻿ (Columbus),"https://en.wikipedia.org/wiki/Columbus,_Georgia"
126,Tallahassee,127,Florida,193551,181376,+6.71%,1004,600,1901,734,30°27′18″N 84°15′12″W﻿ / ﻿30.4551°N 84.2534°W﻿ / 30.4551; -84.2534﻿ (Tallahassee),"https://en.wikipedia.org/wiki/Tallahassee,_Florida"
127,Overland Park,128,Kansas,192536,173372,+11.05%,751,1945,2516,971,38°53′20″N 94°41′26″W﻿ / ﻿38.8890°N 94.6906°W﻿ / 38.8890; -94.6906﻿ (Overland Park),"https://en.wikipedia.org/wiki/Overland_Park,_Kansas"
128,Tempe,129,Arizona,192364,161719,+18.95%,400,1036,4562,1761,33°23′18″N 111°55′54″W﻿ / ﻿33.3884°N 111.9318°W﻿ / 33.3884; -111.9318﻿ (Tempe),"https://en.wikipedia.org/wiki/Tempe,_Arizona"
129,McKinney,130,Texas,191645,131117,+46.16%,630,163,2735,1056,33°11′55″N 96°40′05″W﻿ / ﻿33.1985°N 96.6680°W﻿ / 33.1985; -96.6680﻿ (McKinney),"https://en.wikipedia.org/wiki/McKinney,_Texas"
130,Mobile,131,Alabama,189572,195111,−2.84%,1394,3610,1384,534,30°40′06″N 88°06′01″W﻿ / ﻿30.6684°N 88.1002°W﻿ / 30.6684; -88.1002﻿ (Mobile),"https://en.wikipedia.org/wiki/Mobile,_Alabama"
131,Cape Coral,132,Florida,189343,154305,+22.71%,1056,735,1703,658,26°38′36″N 81°59′51″W﻿ / ﻿26.6432°N 81.9974°W﻿ / 26.6432; -81.9974﻿ (Cape Coral),"https://en.wikipedia.org/wiki/Cape_Coral,_Florida"
132,Shreveport,133,Louisiana,188987,199311,−5.18%,1071,774,1820,700,32°28′01″N 93°47′32″W﻿ / ﻿32.4669°N 93.7922°W﻿ / 32.4669; -93.7922﻿ (Shreveport),"https://en.wikipedia.org/wiki/Shreveport,_Louisiana"
133,Frisco,134,Texas,188170,116989,+60.84%,677,1753,2417,933,33°09′19″N 96°49′21″W﻿ / ﻿33.1554°N 96.8226°W﻿ / 33.1554; -96.8226﻿ (Frisco),"https://en.wikipedia.org/wiki/Frisco,_Texas"
134,Knoxville,135,Tennessee,187500,178874,+4.82%,985,551,1891,730,35°58′15″N 83°56′57″W﻿ / ﻿35.9707°N 83.9493°W﻿ / 35.9707; -83.9493﻿ (Knoxville),"https://en.wikipedia.org/wiki/Knoxville,_Tennessee"
135,Worcester,136,Massachusetts,185877,181045,+2.67%,374,969,4933,1905,42°16′10″N 71°48′28″W﻿ / ﻿42.2695°N 71.8078°W﻿ / 42.2695; -71.8078﻿ (Worcester),"https://en.wikipedia.org/wiki/Worcester,_Massachusetts"
136,Brownsville,137,Texas,183392,175023,+4.78%,1325,343,1387,536,25°59′57″N 97°27′18″W﻿ / ﻿25.9991°N 97.4550°W﻿ / 25.9991; -97.4550﻿ (Brownsville),"https://en.wikipedia.org/wiki/Brownsville,_Texas"
137,Vancouver,138,Washington,183012,161791,+13.12%,469,115,3728,1439,45°38′06″N 122°35′45″W﻿ / ﻿45.6349°N 122.5957°W﻿ / 45.6349; -122.5957﻿ (Vancouver),"https://en.wikipedia.org/wiki/Vancouver,_Washington"
138,Fort Lauderdale,139,Florida,182595,165521,+10.32%,346,896,5166,1995,26°08′28″N 80°08′48″W﻿ / ﻿26.1412°N 80.1467°W﻿ / 26.1412; -80.1467﻿ (Fort Lauderdale),"https://en.wikipedia.org/wiki/Fort_Lauderdale,_Florida"
139,Sioux Falls,140,South Dakota,181883,153888,+18.19%,754,1953,2312,893,43°32′18″N 96°43′55″W﻿ / ﻿43.5383°N 96.7320°W﻿ / 43.5383; -96.7320﻿ (Sioux Falls),"https://en.wikipedia.org/wiki/Sioux_Falls,_South_Dakota"
140,Ontario,141,California,181107,163924,+10.48%,499,19,3471,1340,34°02′22″N 117°36′15″W﻿ / ﻿34.0394°N 117.6042°W﻿ / 34.0394; -117.6042﻿ (Ontario),"https://en.wikipedia.org/wiki/Ontario,_California"
141,Chattanooga,142,Tennessee,180557,167674,+7.68%,1431,3706,1241,479,35°03′58″N 85°14′54″W﻿ / ﻿35.0660°N 85.2484°W﻿ / 35.0660; -85.2484﻿ (Chattanooga),"https://en.wikipedia.org/wiki/Chattanooga,_Tennessee"
142,Providence,143,Rhode Island,179335,178042,+0.73%,184,477,9740,3760,41°49′23″N 71°25′08″W﻿ / ﻿41.8231°N 71.4188°W﻿ / 41.8231; -71.4188﻿ (Providence),"https://en.wikipedia.org/wiki/Providence,_Rhode_Island"
143,Newport News,144,Virginia,178626,180719,−1.16%,691,1790,2631,1016,37°04′34″N 76°31′19″W﻿ / ﻿37.0762°N 76.5220°W﻿ / 37.0762; -76.5220﻿ (Newport News),"https://en.wikipedia.org/wiki/Newport_News,_Virginia"
144,Rancho Cucamonga,145,California,177751,165269,+7.55%,400,1036,4413,1704,34°07′24″N 117°33′51″W﻿ / ﻿34.1233°N 117.5642°W﻿ / 34.1233; -117.5642﻿ (Rancho Cucamonga),"https://en.wikipedia.org/wiki/Rancho_Cucamonga,_California"
145,Santa Rosa,146,California,177586,167815,+5.82%,413,1070,4241,1637,38°26′48″N 122°42′22″W﻿ / ﻿38.4468°N 122.7061°W﻿ / 38.4468; -122.7061﻿ (Santa Rosa),"https://en.wikipedia.org/wiki/Santa_Rosa,_California"
146,Oceanside,147,California,176080,167086,+5.38%,413,1070,4249,1641,33°13′28″N 117°18′22″W﻿ / ﻿33.2245°N 117.3062°W﻿ / 33.2245; -117.3062﻿ (Oceanside),"https://en.wikipedia.org/wiki/Oceanside,_California"
147,Salem,148,Oregon,173442,154637,+12.16%,486,159,3445,1330,44°55′25″N 123°01′24″W﻿ / ﻿44.9237°N 123.0232°W﻿ / 44.9237; -123.0232﻿ (Salem),"https://en.wikipedia.org/wiki/Salem,_Oregon"
148,Elk Grove,149,California,172886,153015,+12.99%,422,1093,4022,1553,38°24′53″N 121°23′06″W﻿ / ﻿38.4146°N 121.3850°W﻿ / 38.4146; -121.3850﻿ (Elk Grove),"https://en.wikipedia.org/wiki/Elk_Grove,_California"
149,Garden Grove,150,California,172646,170883,+1.03%,180,466,9714,3751,33°46′44″N 117°57′38″W﻿ / ﻿33.7788°N 117.9605°W﻿ / 33.7788; -117.9605﻿ (Garden Grove),"https://en.wikipedia.org/wiki/Garden_Grove,_California"
150,Pembroke Pines,151,Florida,172374,154019,+11.92%,330,855,5109,1973,26°01′16″N 80°20′25″W﻿ / ﻿26.0210°N 80.3404°W﻿ / 26.0210; -80.3404﻿ (Pembroke Pines),"https://en.wikipedia.org/wiki/Pembroke_Pines,_Florida"
151,Peoria,152,Arizona,172259,154065,+11.81%,1757,4551,934,361,33°47′10″N 112°18′29″W﻿ / ﻿33.7862°N 112.3080°W﻿ / 33.7862; -112.3080﻿ (Peoria),"https://en.wikipedia.org/wiki/Peoria,_Arizona"
152,Eugene,153,Oregon,171245,156185,+9.64%,441,114,3777,1458,44°03′24″N 123°06′58″W﻿ / ﻿44.0567°N 123.1162°W﻿ / 44.0567; -123.1162﻿ (Eugene),"https://en.wikipedia.org/wiki/Eugene,_Oregon"
153,Corona,154,California,168819,152374,+10.79%,395,103,4222,1630,33°51′43″N 117°33′56″W﻿ / ﻿33.8620°N 117.5655°W﻿ / 33.8620; -117.5655﻿ (Corona),"https://en.wikipedia.org/wiki/Corona,_California"
154,Cary,155,North Carolina,168160,135234,+24.35%,565,1463,2873,1109,35°46′51″N 78°48′48″W﻿ / ﻿35.7809°N 78.8133°W﻿ / 35.7809; -78.8133﻿ (Cary),"https://en.wikipedia.org/wiki/Cary,_North_Carolina"
155,Springfield,156,Missouri,168122,159498,+5.41%,823,13,2033,785,37°11′39″N 93°17′29″W﻿ / ﻿37.1942°N 93.2913°W﻿ / 37.1942; -93.2913﻿ (Springfield),"https://en.wikipedia.org/wiki/Springfield,_Missouri"
156,Fort Collins,157,Colorado,167830,143986,+16.56%,558,1445,2943,1136,40°32′54″N 105°03′53″W﻿ / ﻿40.5482°N 105.0648°W﻿ / 40.5482; -105.0648﻿ (Fort Collins),"https://en.wikipedia.org/wiki/Fort_Collins,_Colorado"
157,Jackson,158,Mississippi,164422,173514,−5.24%,1110,875,1524,588,32°18′57″N 90°12′46″W﻿ / ﻿32.3158°N 90.2128°W﻿ / 32.3158; -90.2128﻿ (Jackson),"https://en.wikipedia.org/wiki/Jackson,_Mississippi"
158,Alexandria,159,Virginia,160530,139966,+14.69%,150,388,10387,4010,38°49′12″N 77°05′03″W﻿ / ﻿38.8201°N 77.0841°W﻿ / 38.8201; -77.0841﻿ (Alexandria),"https://en.wikipedia.org/wiki/Alexandria,_Virginia"
159,Hayward,160,California,159620,144186,+10.70%,455,1178,3493,1349,37°37′43″N 122°06′09″W﻿ / ﻿37.6287°N 122.1024°W﻿ / 37.6287; -122.1024﻿ (Hayward),"https://en.wikipedia.org/wiki/Hayward,_California"
160,Lancaster,161,California,159053,156633,+1.55%,943,44,1698,656,34°41′37″N 118°10′31″W﻿ / ﻿34.6936°N 118.1753°W﻿ / 34.6936; -118.1753﻿ (Lancaster),"https://en.wikipedia.org/wiki/Lancaster,_California"
161,Lakewood,162,Colorado,156798,142980,+9.66%,429,1111,3599,1390,39°41′56″N 105°07′03″W﻿ / ﻿39.6989°N 105.1176°W﻿ / 39.6989; -105.1176﻿ (Lakewood),"https://en.wikipedia.org/wiki/Lakewood,_Colorado"
162,Clarksville,163,Tennessee,156794,132929,+17.95%,983,546,1529,590,36°33′59″N 87°20′43″W﻿ / ﻿36.5664°N 87.3452°W﻿ / 36.5664; -87.3452﻿ (Clarksville),"https://en.wikipedia.org/wiki/Clarksville,_Tennessee"
163,Palmdale,164,California,156667,152750,+2.56%,1060,745,1484,573,34°35′28″N 118°06′19″W﻿ / ﻿34.5910°N 118.1054°W﻿ / 34.5910; -118.1054﻿ (Palmdale),"https://en.wikipedia.org/wiki/Palmdale,_California"
164,Salinas,165,California,156259,150441,+3.87%,236,611,6662,57,36°41′25″N 121°38′01″W﻿ / ﻿36.6902°N 121.6337°W﻿ / 36.6902; -121.6337﻿ (Salinas),"https://en.wikipedia.org/wiki/Salinas,_California"
165,Springfield,166,Massachusetts,155032,153060,+1.29%,319,86,4830,1860,42°06′56″N 72°32′24″W﻿ / ﻿42.1155°N 72.5400°W﻿ / 42.1155; -72.5400﻿ (Springfield),"https://en.wikipedia.org/wiki/Springfield,_Massachusetts"
166,Hollywood,167,Florida,154823,140768,+9.98%,273,707,5568,150,26°01′52″N 80°09′53″W﻿ / ﻿26.0310°N 80.1646°W﻿ / 26.0310; -80.1646﻿ (Hollywood),"https://en.wikipedia.org/wiki/Hollywood,_Florida"
167,Pasadena,168,Texas,153219,149043,+2.80%,435,117,3525,1361,29°39′31″N 95°09′02″W﻿ / ﻿29.6586°N 95.1506°W﻿ / 29.6586; -95.1506﻿ (Pasadena),"https://en.wikipedia.org/wiki/Pasadena,_Texas"
168,Sunnyvale,169,California,153185,140081,+9.35%,220,570,6944,681,37°23′09″N 122°01′35″W﻿ / ﻿37.3858°N 122.0263°W﻿ / 37.3858; -122.0263﻿ (Sunnyvale),"https://en.wikipedia.org/wiki/Sunnyvale,_California"
169,Macon,170,Georgia,153095,91351,+67.59%,2493,6457,612,36,32°48′32″N 83°41′39″W﻿ / ﻿32.8088°N 83.6942°W﻿ / 32.8088; -83.6942﻿ (Macon),"https://en.wikipedia.org/wiki/Macon,_Georgia"
170,Kansas City,171,Kansas,152958,145786,+4.92%,1248,33,1216,470,39°07′21″N 94°44′30″W﻿ / ﻿39.1225°N 94.7418°W﻿ / 39.1225; -94.7418﻿ (Kansas City),"https://en.wikipedia.org/wiki/Kansas_City,_Kansas"
171,Pomona,172,California,152361,149058,+2.22%,230,596,6630,560,34°03′31″N 117°45′40″W﻿ / ﻿34.0585°N 117.7611°W﻿ / 34.0585; -117.7611﻿ (Pomona),"https://en.wikipedia.org/wiki/Pomona,_California"
172,Escondido,173,California,152213,143911,+5.77%,371,961,4087,1578,33°07′59″N 117°04′26″W﻿ / ﻿33.1331°N 117.0740°W﻿ / 33.1331; -117.0740﻿ (Escondido),"https://en.wikipedia.org/wiki/Escondido,_California"
173,Killeen,174,Texas,149103,127921,+16.56%,535,1386,2680,1030,31°04′40″N 97°43′55″W﻿ / ﻿31.0777°N 97.7320°W﻿ / 31.0777; -97.7320﻿ (Killeen),"https://en.wikipedia.org/wiki/Killeen,_Texas"
174,Naperville,175,Illinois,148304,141853,+4.55%,387,100,3802,1468,41°44′57″N 88°09′43″W﻿ / ﻿41.7492°N 88.1620°W﻿ / 41.7492; -88.1620﻿ (Naperville),"https://en.wikipedia.org/wiki/Naperville,_Illinois"
175,Joliet,176,Illinois,148099,147433,+0.45%,644,1668,2302,889,41°31′04″N 88°08′56″W﻿ / ﻿41.5177°N 88.1488°W﻿ / 41.5177; -88.1488﻿ (Joliet),"https://en.wikipedia.org/wiki/Joliet,_Illinois"
176,Bellevue,177,Washington,147599,122363,+20.62%,335,868,4221,1630,47°35′52″N 122°09′23″W﻿ / ﻿47.5979°N 122.1565°W﻿ / 47.5979; -122.1565﻿ (Bellevue),"https://en.wikipedia.org/wiki/Bellevue,_Washington"
177,Rockford,178,Illinois,146526,152871,−4.15%,635,1645,2325,898,42°15′32″N 89°03′53″W﻿ / ﻿42.2588°N 89.0646°W﻿ / 42.2588; -89.0646﻿ (Rockford),"https://en.wikipedia.org/wiki/Rockford,_Illinois"
178,Savannah,179,Georgia,145862,136286,+7.03%,1036,683,1417,547,32°00′09″N 81°09′13″W﻿ / ﻿32.0025°N 81.1536°W﻿ / 32.0025; -81.1536﻿ (Savannah),"https://en.wikipedia.org/wiki/Savannah,_Georgia"
179,Paterson,180,New Jersey,145627,146199,−0.39%,84,18,17500,6800,40°54′53″N 74°09′46″W﻿ / ﻿40.9148°N 74.1628°W﻿ / 40.9148; -74.1628﻿ (Paterson),"https://en.wikipedia.org/wiki/Paterson,_New_Jersey"
180,Torrance,181,California,145182,145438,−0.18%,205,531,7180,770,33°50′06″N 118°20′29″W﻿ / ﻿33.8350°N 118.3414°W﻿ / 33.8350; -118.3414﻿ (Torrance),"https://en.wikipedia.org/wiki/Torrance,_California"
181,Bridgeport,182,Connecticut,144900,144229,+0.47%,161,417,9064,3500,41°11′15″N 73°11′45″W﻿ / ﻿41.1874°N 73.1958°W﻿ / 41.1874; -73.1958﻿ (Bridgeport),"https://en.wikipedia.org/wiki/Bridgeport,_Connecticut"
182,McAllen,183,Texas,143433,129877,+10.44%,584,1513,2435,940,26°13′56″N 98°14′47″W﻿ / ﻿26.2322°N 98.2464°W﻿ / 26.2322; -98.2464﻿ (McAllen),"https://en.wikipedia.org/wiki/McAllen,_Texas"
183,Mesquite,184,Texas,142816,139824,+2.14%,472,1,3045,1176,32°45′46″N 96°35′20″W﻿ / ﻿32.7629°N 96.5888°W﻿ / 32.7629; -96.5888﻿ (Mesquite),"https://en.wikipedia.org/wiki/Mesquite,_Texas"
184,Syracuse,185,New York,142749,145170,−1.67%,250,647,5735,14,43°02′28″N 76°08′37″W﻿ / ﻿43.0410°N 76.1436°W﻿ / 43.0410; -76.1436﻿ (Syracuse),"https://en.wikipedia.org/wiki/Syracuse,_New_York"
185,Midland,186,Texas,142344,111147,+28.07%,744,197,1809,698,32°01′29″N 102°06′49″W﻿ / ﻿32.0246°N 102.1135°W﻿ / 32.0246; -102.1135﻿ (Midland),"https://en.wikipedia.org/wiki/Midland,_Texas"
186,Pasadena,187,California,141371,137122,+3.10%,230,596,6176,385,34°09′38″N 118°08′23″W﻿ / ﻿34.1606°N 118.1396°W﻿ / 34.1606; -118.1396﻿ (Pasadena),"https://en.wikipedia.org/wiki/Pasadena,_California"
187,Murfreesboro,188,Tennessee,141344,108755,+29.97%,559,1448,2360,910,35°51′08″N 86°24′58″W﻿ / ﻿35.8522°N 86.4160°W﻿ / 35.8522; -86.4160﻿ (Murfreesboro),"https://en.wikipedia.org/wiki/Murfreesboro,_Tennessee"
188,Miramar,189,Florida,140823,122041,+15.39%,294,761,4709,1818,25°58′37″N 80°20′09″W﻿ / ﻿25.9770°N 80.3358°W﻿ / 25.9770; -80.3358﻿ (Miramar),"https://en.wikipedia.org/wiki/Miramar,_Florida"
189,Dayton,190,Ohio,140640,141527,−0.63%,557,1443,2522,974,39°46′39″N 84°11′59″W﻿ / ﻿39.7774°N 84.1996°W﻿ / 39.7774; -84.1996﻿ (Dayton),"https://en.wikipedia.org/wiki/Dayton,_Ohio"
190,Fullerton,191,California,139640,135161,+3.31%,224,580,6282,45,33°53′09″N 117°55′41″W﻿ / ﻿33.8857°N 117.9280°W﻿ / 33.8857; -117.9280﻿ (Fullerton),"https://en.wikipedia.org/wiki/Fullerton,_California"
191,Olathe,192,Kansas,139605,125872,+10.91%,609,1577,2225,859,38°53′03″N 94°49′10″W﻿ / ﻿38.8843°N 94.8195°W﻿ / 38.8843; -94.8195﻿ (Olathe),"https://en.wikipedia.org/wiki/Olathe,_Kansas"
192,Orange,193,California,139484,136416,+2.25%,254,658,5532,136,33°47′13″N 117°51′41″W﻿ / ﻿33.7870°N 117.8613°W﻿ / 33.7870; -117.8613﻿ (Orange),"https://en.wikipedia.org/wiki/Orange,_California"
193,Thornton,194,Colorado,139436,118772,+17.40%,357,95,3829,1478,39°55′10″N 104°56′34″W﻿ / ﻿39.9194°N 104.9428°W﻿ / 39.9194; -104.9428﻿ (Thornton),"https://en.wikipedia.org/wiki/Thornton,_Colorado"
194,Roseville,195,California,139117,118788,+17.11%,430,1114,3085,1191,38°46′08″N 121°19′08″W﻿ / ﻿38.7690°N 121.3189°W﻿ / 38.7690; -121.3189﻿ (Roseville),"https://en.wikipedia.org/wiki/Roseville,_California"
195,Denton,196,Texas,138541,113383,+22.19%,934,419,1433,553,33°13′00″N 97°08′29″W﻿ / ﻿33.2166°N 97.1414°W﻿ / 33.2166; -97.1414﻿ (Denton),"https://en.wikipedia.org/wiki/Denton,_Texas"
196,Waco,197,Texas,138183,124805,+10.72%,890,305,1510,580,31°33′36″N 97°11′10″W﻿ / ﻿31.5601°N 97.1860°W﻿ / 31.5601; -97.1860﻿ (Waco),"https://en.wikipedia.org/wiki/Waco,_Texas"
197,Surprise,198,Arizona,138161,117517,+17.57%,1079,795,1230,470,33°40′14″N 112°27′10″W﻿ / ﻿33.6706°N 112.4527°W﻿ / 33.6706; -112.4527﻿ (Surprise),"https://en.wikipedia.org/wiki/Surprise,_Arizona"
198,Carrollton,199,Texas,136879,119097,+14.93%,363,940,3674,1419,32°59′18″N 96°53′59″W﻿ / ﻿32.9884°N 96.8998°W﻿ / 32.9884; -96.8998﻿ (Carrollton),"https://en.wikipedia.org/wiki/Carrollton,_Texas"
199,West Valley City,200,Utah,136401,129480,+5.35%,355,919,3847,1485,40°41′19″N 112°00′42″W﻿ / ﻿40.6885°N 112.0118°W﻿ / 40.6885; -112.0118﻿ (West Valley City),"https://en.wikipedia.org/wiki/West_Valley_City,_Utah"
200,Charleston,201,South Carolina,136208,120083,+13.43%,1090,83,1233,476,32°49′04″N 79°57′32″W﻿ / ﻿32.8179°N 79.9590°W﻿ / 32.8179; -79.9590﻿ (Charleston),"https://en.wikipedia.org/wiki/Charleston,_South_Carolina"
201,Warren,202,Michigan,134587,134056,+0.40%,344,891,3928,1517,42°29′34″N 83°01′30″W﻿ / ﻿42.4929°N 83.0250°W﻿ / 42.4929; -83.0250﻿ (Warren),"https://en.wikipedia.org/wiki/Warren,_Michigan"
202,Hampton,203,Virginia,134313,137436,−2.27%,515,1334,2629,1015,37°02′53″N 76°17′50″W﻿ / ﻿37.0480°N 76.2971°W﻿ / 37.0480; -76.2971﻿ (Hampton),"https://en.wikipedia.org/wiki/Hampton,_Virginia"
203,Gainesville,204,Florida,133857,124354,+7.64%,623,1614,2112,815,29°40′44″N 82°20′46″W﻿ / ﻿29.6788°N 82.3461°W﻿ / 29.6788; -82.3461﻿ (Gainesville),"https://en.wikipedia.org/wiki/Gainesville,_Florida"
204,Visalia,205,California,133800,124442,+7.52%,375,971,3495,1349,36°19′38″N 119°19′44″W﻿ / ﻿36.3273°N 119.3289°W﻿ / 36.3273; -119.3289﻿ (Visalia),"https://en.wikipedia.org/wiki/Visalia,_California"
205,Coral Springs,206,Florida,133507,121096,+10.25%,238,616,5465,110,26°16′15″N 80°15′33″W﻿ / ﻿26.2707°N 80.2593°W﻿ / 26.2707; -80.2593﻿ (Coral Springs),"https://en.wikipedia.org/wiki/Coral_Springs,_Florida"
206,Columbia,207,South Carolina,133451,129272,+3.23%,1335,3458,1006,388,34°01′45″N 80°53′53″W﻿ / ﻿34.0291°N 80.8980°W﻿ / 34.0291; -80.8980﻿ (Columbia),"https://en.wikipedia.org/wiki/Columbia,_South_Carolina"
207,Cedar Rapids,208,Iowa,133174,126326,+5.42%,708,1834,1852,715,41°58′01″N 91°40′40″W﻿ / ﻿41.9670°N 91.6778°W﻿ / 41.9670; -91.6778﻿ (Cedar Rapids),"https://en.wikipedia.org/wiki/Cedar_Rapids,_Iowa"
208,Sterling Heights,209,Michigan,132964,129699,+2.52%,365,945,3628,1401,42°34′52″N 83°01′49″W﻿ / ﻿42.5812°N 83.0303°W﻿ / 42.5812; -83.0303﻿ (Sterling Heights),"https://en.wikipedia.org/wiki/Sterling_Heights,_Michigan"
209,New Haven,210,Connecticut,130418,129779,+0.49%,187,484,6948,683,41°18′39″N 72°55′30″W﻿ / ﻿41.3108°N 72.9250°W﻿ / 41.3108; -72.9250﻿ (New Haven),"https://en.wikipedia.org/wiki/New_Haven,_Connecticut"
210,Stamford,211,Connecticut,129775,122643,+5.82%,376,974,3434,136,41°04′48″N 73°32′46″W﻿ / ﻿41.0799°N 73.5460°W﻿ / 41.0799; -73.5460﻿ (Stamford),"https://en.wikipedia.org/wiki/Stamford,_Connecticut"
211,Concord,212,California,129688,122067,+6.24%,305,790,4221,1630,37°58′20″N 122°00′06″W﻿ / ﻿37.9722°N 122.0016°W﻿ / 37.9722; -122.0016﻿ (Concord),"https://en.wikipedia.org/wiki/Concord,_California"
212,Kent,213,Washington,129618,92411,+40.26%,337,873,3784,1461,47°23′17″N 122°12′46″W﻿ / ﻿47.3880°N 122.2127°W﻿ / 47.3880; -122.2127﻿ (Kent),"https://en.wikipedia.org/wiki/Kent,_Washington"
213,Santa Clara,214,California,129488,116468,+11.18%,184,477,6845,643,37°21′53″N 121°58′04″W﻿ / ﻿37.3646°N 121.9679°W﻿ / 37.3646; -121.9679﻿ (Santa Clara),"https://en.wikipedia.org/wiki/Santa_Clara,_California"
214,Elizabeth,215,New Jersey,128885,124969,+3.13%,123,319,10459,4038,40°39′59″N 74°11′37″W﻿ / ﻿40.6664°N 74.1935°W﻿ / 40.6664; -74.1935﻿ (Elizabeth),"https://en.wikipedia.org/wiki/Elizabeth,_New_Jersey"
215,Round Rock,216,Texas,128739,99887,+28.88%,356,9,3396,1311,30°31′31″N 97°39′58″W﻿ / ﻿30.5252°N 97.6660°W﻿ / 30.5252; -97.6660﻿ (Round Rock),"https://en.wikipedia.org/wiki/Round_Rock,_Texas"
216,Thousand Oaks,217,California,127690,126683,+0.79%,552,1430,2335,90,34°11′36″N 118°52′27″W﻿ / ﻿34.1933°N 118.8742°W﻿ / 34.1933; -118.8742﻿ (Thousand Oaks),"https://en.wikipedia.org/wiki/Thousand_Oaks,_California"
217,Lafayette,218,Louisiana,126143,120623,+4.58%,538,1393,2372,916,30°12′27″N 92°01′43″W﻿ / ﻿30.2074°N 92.0285°W﻿ / 30.2074; -92.0285﻿ (Lafayette),"https://en.wikipedia.org/wiki/Lafayette,_Louisiana"
218,Athens,219,Georgia,125964,115452,+9.11%,1164,3015,1060,410,33°56′59″N 83°22′12″W﻿ / ﻿33.9496°N 83.3701°W﻿ / 33.9496; -83.3701﻿ (Athens),"https://en.wikipedia.org/wiki/Athens,_Georgia"
219,Topeka,220,Kansas,125904,127473,−1.23%,615,1593,2062,796,39°02′05″N 95°41′46″W﻿ / ﻿39.0347°N 95.6962°W﻿ / 39.0347; -95.6962﻿ (Topeka),"https://en.wikipedia.org/wiki/Topeka,_Kansas"
220,Simi Valley,221,California,125851,124237,+1.30%,415,1075,3044,1175,34°16′01″N 118°44′55″W﻿ / ﻿34.2669°N 118.7485°W﻿ / 34.2669; -118.7485﻿ (Simi Valley),"https://en.wikipedia.org/wiki/Simi_Valley,_California"
221,Fargo,222,North Dakota,124844,105549,+18.28%,493,177,2450,950,46°51′55″N 96°49′44″W﻿ / ﻿46.8652°N 96.8290°W﻿ / 46.8652; -96.8290﻿ (Fargo),"https://en.wikipedia.org/wiki/Fargo,_North_Dakota"
222,Norman,223,Oklahoma,123471,110925,+11.31%,1788,4631,683,64,35°14′26″N 97°20′43″W﻿ / ﻿35.2406°N 97.3453°W﻿ / 35.2406; -97.3453﻿ (Norman),"https://en.wikipedia.org/wiki/Norman,_Oklahoma"
223,Columbia,224,Missouri,123180,108500,+13.53%,650,1683,1856,717,38°57′06″N 92°19′43″W﻿ / ﻿38.951561°N 92.328638°W﻿ / 38.951561; -92.328638﻿ (Columbia),"https://en.wikipedia.org/wiki/Columbia,_Missouri"
224,Abilene,225,Texas,122999,117063,+5.07%,1067,764,1146,44,32°27′16″N 99°44′17″W﻿ / ﻿32.4545°N 99.7381°W﻿ / 32.4545; -99.7381﻿ (Abilene),"https://en.wikipedia.org/wiki/Abilene,_Texas"
225,Wilmington,226,North Carolina,122607,106476,+15.15%,516,1336,2278,880,34°12′33″N 77°53′09″W﻿ / ﻿34.2092°N 77.8858°W﻿ / 34.2092; -77.8858﻿ (Wilmington),"https://en.wikipedia.org/wiki/Wilmington,_North_Carolina"
226,Hartford,227,Connecticut,122587,124775,−1.75%,174,451,7083,735,41°45′57″N 72°40′54″W﻿ / ﻿41.7659°N 72.6816°W﻿ / 41.7659; -72.6816﻿ (Hartford),"https://en.wikipedia.org/wiki/Hartford,_Connecticut"
227,Victorville,228,California,122312,115903,+5.53%,733,1898,1668,644,34°31′40″N 117°21′13″W﻿ / ﻿34.5277°N 117.3536°W﻿ / 34.5277; -117.3536﻿ (Victorville),"https://en.wikipedia.org/wiki/Victorville,_California"
228,Pearland,229,Texas,122149,91252,+33.86%,463,1199,2453,947,29°33′21″N 95°19′23″W﻿ / ﻿29.5558°N 95.3231°W﻿ / 29.5558; -95.3231﻿ (Pearland),"https://en.wikipedia.org/wiki/Pearland,_Texas"
229,Vallejo,230,California,121913,115942,+5.15%,307,795,3951,155,38°06′28″N 122°15′50″W﻿ / ﻿38.1079°N 122.2640°W﻿ / 38.1079; -122.2640﻿ (Vallejo),"https://en.wikipedia.org/wiki/Vallejo,_California"
230,Ann Arbor,231,Michigan,121890,113934,+6.98%,281,78,4298,1659,42°16′34″N 83°43′51″W﻿ / ﻿42.2761°N 83.7309°W﻿ / 42.2761; -83.7309﻿ (Ann Arbor),"https://en.wikipedia.org/wiki/Ann_Arbor,_Michigan"
231,Berkeley,232,California,121643,112580,+8.05%,105,7,11547,4458,37°52′01″N 122°17′57″W﻿ / ﻿37.8670°N 122.2991°W﻿ / 37.8670; -122.2991﻿ (Berkeley),"https://en.wikipedia.org/wiki/Berkeley,_California"
232,Allentown,233,Pennsylvania,121433,118032,+2.88%,175,453,6882,657,40°35′37″N 75°28′42″W﻿ / ﻿40.5936°N 75.4784°W﻿ / 40.5936; -75.4784﻿ (Allentown),"https://en.wikipedia.org/wiki/Allentown,_Pennsylvania"
233,Richardson,234,Texas,120981,99223,+21.93%,286,741,3963,1530,32°58′20″N 96°42′29″W﻿ / ﻿32.9723°N 96.7081°W﻿ / 32.9723; -96.7081﻿ (Richardson),"https://en.wikipedia.org/wiki/Richardson,_Texas"
234,Odessa,235,Texas,120568,99940,+20.64%,452,1171,2608,1007,31°53′02″N 102°20′28″W﻿ / ﻿31.8838°N 102.3411°W﻿ / 31.8838; -102.3411﻿ (Odessa),"https://en.wikipedia.org/wiki/Odessa,_Texas"
235,Arvada,236,Colorado,120492,106433,+13.21%,386,1000,3043,1175,39°50′01″N 105°09′01″W﻿ / ﻿39.8337°N 105.1503°W﻿ / 39.8337; -105.1503﻿ (Arvada),"https://en.wikipedia.org/wiki/Arvada,_Colorado"
236,Cambridge,237,Massachusetts,118977,105162,+13.14%,64,166,17289,6675,42°22′34″N 71°07′07″W﻿ / ﻿42.3760°N 71.1187°W﻿ / 42.3760; -71.1187﻿ (Cambridge),"https://en.wikipedia.org/wiki/Cambridge,_Massachusetts"
237,Sugar Land,238,Texas,118600,78817,+50.48%,340,881,3488,1347,29°35′58″N 95°36′51″W﻿ / ﻿29.5994°N 95.6142°W﻿ / 29.5994; -95.6142﻿ (Sugar Land),"https://en.wikipedia.org/wiki/Sugar_Land,_Texas"
238,Beaumont,239,Texas,118428,118296,+0.11%,821,16,1441,556,30°05′06″N 94°08′43″W﻿ / ﻿30.0849°N 94.1453°W﻿ / 30.0849; -94.1453﻿ (Beaumont),"https://en.wikipedia.org/wiki/Beaumont,_Texas"
239,Lansing,240,Michigan,118427,114297,+3.61%,391,1013,2967,1146,42°42′51″N 84°33′33″W﻿ / ﻿42.7143°N 84.5593°W﻿ / 42.7143; -84.5593﻿ (Lansing),"https://en.wikipedia.org/wiki/Lansing,_Michigan"
240,Evansville,241,Indiana,117963,117429,+0.45%,473,15,2526,975,37°59′16″N 87°32′05″W﻿ / ﻿37.9877°N 87.5347°W﻿ / 37.9877; -87.5347﻿ (Evansville),"https://en.wikipedia.org/wiki/Evansville,_Indiana"
241,Rochester,242,Minnesota,116961,106769,+9.55%,546,1414,2088,806,44°00′55″N 92°28′38″W﻿ / ﻿44.0154°N 92.4772°W﻿ / 44.0154; -92.4772﻿ (Rochester),"https://en.wikipedia.org/wiki/Rochester,_Minnesota"
242,Independence,243,Missouri,116925,116830,+0.08%,778,015,1504,581,39°05′08″N 94°21′08″W﻿ / ﻿39.0855°N 94.3521°W﻿ / 39.0855; -94.3521﻿ (Independence),"https://en.wikipedia.org/wiki/Independence,_Missouri"
243,Fairfield,244,California,116884,105321,+10.98%,409,1059,2806,1083,38°15′33″N 122°01′56″W﻿ / ﻿38.2593°N 122.0321°W﻿ / 38.2593; -122.0321﻿ (Fairfield),"https://en.wikipedia.org/wiki/Fairfield,_California"
244,Provo,245,Utah,116702,112488,+3.75%,417,1080,2803,108,40°14′43″N 111°38′41″W﻿ / ﻿40.2453°N 111.6448°W﻿ / 40.2453; -111.6448﻿ (Provo),"https://en.wikipedia.org/wiki/Provo,_Utah"
245,Clearwater,246,Florida,116478,107685,+8.17%,259,671,4415,1705,27°58′44″N 82°46′00″W﻿ / ﻿27.9789°N 82.7666°W﻿ / 27.9789; -82.7666﻿ (Clearwater),"https://en.wikipedia.org/wiki/Clearwater,_Florida"
246,College Station,247,Texas,116218,93857,+23.82%,510,131,2199,849,30°35′07″N 96°17′47″W﻿ / ﻿30.5852°N 96.2964°W﻿ / 30.5852; -96.2964﻿ (College Station),"https://en.wikipedia.org/wiki/College_Station,_Texas"
247,West Jordan,248,Utah,116046,103712,+11.89%,323,837,3520,1360,40°36′09″N 112°00′03″W﻿ / ﻿40.6024°N 112.0008°W﻿ / 40.6024; -112.0008﻿ (West Jordan),"https://en.wikipedia.org/wiki/West_Jordan,_Utah"
248,Carlsbad,249,California,115877,105328,+10.02%,377,976,3023,1167,33°07′26″N 117°16′58″W﻿ / ﻿33.1239°N 117.2828°W﻿ / 33.1239; -117.2828﻿ (Carlsbad),"https://en.wikipedia.org/wiki/Carlsbad,_California"
249,El Monte,250,California,115586,113475,+1.86%,96,49,12063,4658,34°04′29″N 118°01′45″W﻿ / ﻿34.0746°N 118.0291°W﻿ / 34.0746; -118.0291﻿ (El Monte),"https://en.wikipedia.org/wiki/El_Monte,_California"
250,Murrieta,251,California,114985,103466,+11.13%,336,870,3324,183,33°34′20″N 117°11′25″W﻿ / ﻿33.5721°N 117.1904°W﻿ / 33.5721; -117.1904﻿ (Murrieta),"https://en.wikipedia.org/wiki/Murrieta,_California"
251,Temecula,252,California,114742,100097,+14.63%,373,966,3031,1170,33°29′35″N 117°07′54″W﻿ / ﻿33.4931°N 117.1317°W﻿ / 33.4931; -117.1317﻿ (Temecula),"https://en.wikipedia.org/wiki/Temecula,_California"
252,Springfield,253,Illinois,114694,116250,−1.34%,601,1557,1925,743,39°47′28″N 89°38′41″W﻿ / ﻿39.7911°N 89.6446°W﻿ / 39.7911; -89.6446﻿ (Springfield),"https://en.wikipedia.org/wiki/Springfield,_Illinois"
253,Palm Bay,254,Florida,114194,103190,+10.66%,657,170,1676,647,27°59′08″N 80°39′45″W﻿ / ﻿27.9856°N 80.6626°W﻿ / 27.9856; -80.6626﻿ (Palm Bay),"https://en.wikipedia.org/wiki/Palm_Bay,_Florida"
254,Costa Mesa,255,California,113615,109960,+3.32%,157,407,7186,775,33°39′57″N 117°54′44″W﻿ / ﻿33.6659°N 117.9123°W﻿ / 33.6659; -117.9123﻿ (Costa Mesa),"https://en.wikipedia.org/wiki/Costa_Mesa,_California"
255,Westminster,256,Colorado,113479,106114,+6.94%,317,81,3592,1387,39°52′56″N 105°03′52″W﻿ / ﻿39.8822°N 105.0644°W﻿ / 39.8822; -105.0644﻿ (Westminster),"https://en.wikipedia.org/wiki/Westminster,_Colorado"
256,North Charleston,257,South Carolina,113237,97471,+16.18%,737,1909,1483,573,32°55′04″N 80°03′54″W﻿ / ﻿32.9178°N 80.0650°W﻿ / 32.9178; -80.0650﻿ (North Charleston),"https://en.wikipedia.org/wiki/North_Charleston,_South_Carolina"
257,Miami Gardens,258,Florida,113069,107167,+5.51%,182,471,6212,398,25°56′56″N 80°14′37″W﻿ / ﻿25.9489°N 80.2436°W﻿ / 25.9489; -80.2436﻿ (Miami Gardens),"https://en.wikipedia.org/wiki/Miami_Gardens,_Florida"
258,Manchester,259,New Hampshire,112525,109565,+2.70%,331,857,3339,189,42°59′06″N 71°26′39″W﻿ / ﻿42.9849°N 71.4441°W﻿ / 42.9849; -71.4441﻿ (Manchester),"https://en.wikipedia.org/wiki/Manchester,_New_Hampshire"
259,High Point,260,North Carolina,112316,104371,+7.61%,552,1430,2015,778,35°59′24″N 79°59′26″W﻿ / ﻿35.9900°N 79.9905°W﻿ / 35.9900; -79.9905﻿ (High Point),"https://en.wikipedia.org/wiki/High_Point,_North_Carolina"
260,Downey,261,California,112269,111772,+0.44%,124,31,9134,357,33°56′18″N 118°07′51″W﻿ / ﻿33.9382°N 118.1309°W﻿ / 33.9382; -118.1309﻿ (Downey),"https://en.wikipedia.org/wiki/Downey,_California"
261,Clovis,262,California,112022,95631,+17.14%,242,67,4404,1700,36°49′42″N 119°41′06″W﻿ / ﻿36.8282°N 119.6849°W﻿ / 36.8282; -119.6849﻿ (Clovis),"https://en.wikipedia.org/wiki/Clovis,_California"
262,Pompano Beach,263,Florida,111954,99845,+12.13%,240,6,4558,1760,26°14′30″N 80°08′02″W﻿ / ﻿26.2416°N 80.1339°W﻿ / 26.2416; -80.1339﻿ (Pompano Beach),"https://en.wikipedia.org/wiki/Pompano_Beach,_Florida"
263,Pueblo,264,Colorado,111750,106595,+4.84%,536,1388,2058,795,38°16′12″N 104°36′44″W﻿ / ﻿38.2699°N 104.6123°W﻿ / 38.2699; -104.6123﻿ (Pueblo),"https://en.wikipedia.org/wiki/Pueblo,_Colorado"
264,Elgin,265,Illinois,111683,108188,+3.23%,374,969,2998,1158,42°02′23″N 88°19′18″W﻿ / ﻿42.0396°N 88.3217°W﻿ / 42.0396; -88.3217﻿ (Elgin),"https://en.wikipedia.org/wiki/Elgin,_Illinois"
265,Lowell,266,Massachusetts,111670,106519,+4.84%,136,35,8129,3139,42°38′20″N 71°19′16″W﻿ / ﻿42.6390°N 71.3211°W﻿ / 42.6390; -71.3211﻿ (Lowell),"https://en.wikipedia.org/wiki/Lowell,_Massachusetts"
266,Antioch,267,California,111535,102372,+8.95%,294,761,3772,1456,37°58′45″N 121°47′46″W﻿ / ﻿37.9791°N 121.7962°W﻿ / 37.9791; -121.7962﻿ (Antioch),"https://en.wikipedia.org/wiki/Antioch,_California"
267,West Palm Beach,268,Florida,111398,99919,+11.49%,551,147,1963,758,26°44′47″N 80°07′30″W﻿ / ﻿26.7464°N 80.1251°W﻿ / 26.7464; -80.1251﻿ (West Palm Beach),"https://en.wikipedia.org/wiki/West_Palm_Beach,_Florida"
268,Peoria,269,Illinois,111388,115007,−3.15%,482,148,2371,915,40°45′05″N 89°37′03″W﻿ / ﻿40.7515°N 89.6174°W﻿ / 40.7515; -89.6174﻿ (Peoria),"https://en.wikipedia.org/wiki/Peoria,_Illinois"
269,Everett,270,Washington,111262,103019,+8.00%,333,86,3275,164,47°57′24″N 122°11′29″W﻿ / ﻿47.9566°N 122.1914°W﻿ / 47.9566; -122.1914﻿ (Everett),"https://en.wikipedia.org/wiki/Everett,_Washington"
270,Ventura,271,California,111128,106433,+4.41%,218,565,5027,1941,34°16′04″N 119°15′15″W﻿ / ﻿34.2678°N 119.2542°W﻿ / 34.2678; -119.2542﻿ (Ventura),"https://en.wikipedia.org/wiki/Ventura,_California"
271,Centennial,272,Colorado,110831,100377,+10.41%,295,764,3727,1439,39°35′26″N 104°52′09″W﻿ / ﻿39.5906°N 104.8691°W﻿ / 39.5906; -104.8691﻿ (Centennial),"https://en.wikipedia.org/wiki/Centennial,_Colorado"
272,Lakeland,273,Florida,110516,97422,+13.44%,659,1707,1615,64,28°03′20″N 81°57′18″W﻿ / ﻿28.0555°N 81.9549°W﻿ / 28.0555; -81.9549﻿ (Lakeland),"https://en.wikipedia.org/wiki/Lakeland,_Florida"
273,Gresham,274,Oregon,110158,105594,+4.32%,233,603,4786,1848,45°30′08″N 122°26′30″W﻿ / ﻿45.5023°N 122.4416°W﻿ / 45.5023; -122.4416﻿ (Gresham),"https://en.wikipedia.org/wiki/Gresham,_Oregon"
274,Richmond,275,California,110146,103701,+6.21%,301,780,3648,1409,37°57′08″N 122°21′38″W﻿ / ﻿37.9523°N 122.3606°W﻿ / 37.9523; -122.3606﻿ (Richmond),"https://en.wikipedia.org/wiki/Richmond,_California"
275,Billings,276,Montana,109550,104170,+5.16%,437,113,2525,975,45°47′19″N 108°33′00″W﻿ / ﻿45.7885°N 108.5499°W﻿ / 45.7885; -108.5499﻿ (Billings),"https://en.wikipedia.org/wiki/Billings,_Montana"
276,Inglewood,277,California,109419,109673,−0.23%,91,36,12160,4700,33°57′22″N 118°20′39″W﻿ / ﻿33.9561°N 118.3443°W﻿ / 33.9561; -118.3443﻿ (Inglewood),"https://en.wikipedia.org/wiki/Inglewood,_California"
277,Broken Arrow,278,Oklahoma,109171,98850,+10.44%,617,1598,1741,67,36°02′11″N 95°46′52″W﻿ / ﻿36.0365°N 95.7810°W﻿ / 36.0365; -95.7810﻿ (Broken Arrow),"https://en.wikipedia.org/wiki/Broken_Arrow,_Oklahoma"
278,Sandy Springs,279,Georgia,108797,93853,+15.92%,377,976,2804,1083,33°55′53″N 84°22′07″W﻿ / ﻿33.9315°N 84.3687°W﻿ / 33.9315; -84.3687﻿ (Sandy Springs),"https://en.wikipedia.org/wiki/Sandy_Springs,_Georgia"
279,Jurupa Valley,280,California,108393,0,NA,429,1111,2414,93,34°00′09″N 117°28′03″W﻿ / ﻿34.0026°N 117.4676°W﻿ / 34.0026; -117.4676﻿ (Jurupa Valley),"https://en.wikipedia.org/wiki/Jurupa_Valley,_California"
280,Hillsboro,281,Oregon,108389,91611,+18.31%,250,647,4207,164,45°31′41″N 122°56′09″W﻿ / ﻿45.5280°N 122.9357°W﻿ / 45.5280; -122.9357﻿ (Hillsboro),"https://en.wikipedia.org/wiki/Hillsboro,_Oregon"
281,Waterbury,282,Connecticut,108093,110366,−2.06%,285,738,3799,1467,41°33′31″N 73°02′12″W﻿ / ﻿41.5585°N 73.0367°W﻿ / 41.5585; -73.0367﻿ (Waterbury),"https://en.wikipedia.org/wiki/Waterbury,_Connecticut"
282,Santa Maria,283,California,107408,99553,+7.89%,228,591,4662,1800,34°56′00″N 120°26′38″W﻿ / ﻿34.9332°N 120.4438°W﻿ / 34.9332; -120.4438﻿ (Santa Maria),"https://en.wikipedia.org/wiki/Santa_Maria,_California"
283,Boulder,284,Colorado,107353,97385,+10.24%,248,64,4358,1683,40°01′37″N 105°15′07″W﻿ / ﻿40.0270°N 105.2519°W﻿ / 40.0270; -105.2519﻿ (Boulder),"https://en.wikipedia.org/wiki/Boulder,_Colorado"
284,Greeley,285,Colorado,107348,92889,+15.57%,478,138,2176,840,40°24′55″N 104°46′11″W﻿ / ﻿40.4153°N 104.7697°W﻿ / 40.4153; -104.7697﻿ (Greeley),"https://en.wikipedia.org/wiki/Greeley,_Colorado"
285,Daly City,286,California,107008,101123,+5.82%,76,197,14009,5409,37°42′03″N 122°27′54″W﻿ / ﻿37.7009°N 122.4650°W﻿ / 37.7009; -122.4650﻿ (Daly City),"https://en.wikipedia.org/wiki/Daly_City,_California"
286,Meridian,287,Idaho,106804,75092,+42.23%,298,77,3584,1384,43°36′51″N 116°23′56″W﻿ / ﻿43.6142°N 116.3989°W﻿ / 43.6142; -116.3989﻿ (Meridian),"https://en.wikipedia.org/wiki/Meridian,_Idaho"
287,Lewisville,288,Texas,106586,95290,+11.85%,367,951,2852,1101,33°02′48″N 96°58′54″W﻿ / ﻿33.0466°N 96.9818°W﻿ / 33.0466; -96.9818﻿ (Lewisville),"https://en.wikipedia.org/wiki/Lewisville,_Texas"
288,Davie,289,Florida,106558,91992,+15.83%,349,904,2919,117,26°04′45″N 80°17′06″W﻿ / ﻿26.0791°N 80.2850°W﻿ / 26.0791; -80.2850﻿ (Davie),"https://en.wikipedia.org/wiki/Davie,_Florida"
289,West Covina,290,California,106311,106098,+0.20%,160,414,6740,600,34°03′21″N 117°54′36″W﻿ / ﻿34.0559°N 117.9099°W﻿ / 34.0559; -117.9099﻿ (West Covina),"https://en.wikipedia.org/wiki/West_Covina,_California"
290,League City,291,Texas,106244,83560,+27.15%,512,136,1992,769,29°29′24″N 95°06′33″W﻿ / ﻿29.4901°N 95.1091°W﻿ / 29.4901; -95.1091﻿ (League City),"https://en.wikipedia.org/wiki/League_City,_Texas"
291,Tyler,292,Texas,105729,96900,+9.11%,566,1466,1852,715,32°19′02″N 95°18′21″W﻿ / ﻿32.3173°N 95.3059°W﻿ / 32.3173; -95.3059﻿ (Tyler),"https://en.wikipedia.org/wiki/Tyler,_Texas"
292,Norwalk,293,California,105120,105549,−0.41%,97,51,10946,46,33°54′27″N 118°05′01″W﻿ / ﻿33.9076°N 118.0835°W﻿ / 33.9076; -118.0835﻿ (Norwalk),"https://en.wikipedia.org/wiki/Norwalk,_California"
293,San Mateo,294,California,105025,97207,+8.04%,121,313,8592,3317,37°33′37″N 122°18′38″W﻿ / ﻿37.5603°N 122.3106°W﻿ / 37.5603; -122.3106﻿ (San Mateo),"https://en.wikipedia.org/wiki/San_Mateo,_California"
294,Green Bay,295,Wisconsin,104879,104057,+0.79%,454,1176,2316,894,44°31′15″N 87°59′03″W﻿ / ﻿44.5207°N 87.9842°W﻿ / 44.5207; -87.9842﻿ (Green Bay),"https://en.wikipedia.org/wiki/Green_Bay,_Wisconsin"
295,Wichita Falls,296,Texas,104576,104553,+0.02%,722,1870,1450,560,33°54′24″N 98°31′33″W﻿ / ﻿33.9067°N 98.5259°W﻿ / 33.9067; -98.5259﻿ (Wichita Falls),"https://en.wikipedia.org/wiki/Wichita_Falls,_Texas"
296,Sparks,297,Nevada,104246,90264,+15.49%,359,930,2810,1080,39°33′16″N 119°44′08″W﻿ / ﻿39.5544°N 119.7356°W﻿ / 39.5544; -119.7356﻿ (Sparks),"https://en.wikipedia.org/wiki/Sparks,_Nevada"
297,Lakewood,298,New Jersey,104157,92843,+12.19%,247,640,4079,1575,40°04′38″N 74°12′01″W﻿ / ﻿40.0771°N 74.2004°W﻿ / 40.0771; -74.2004﻿ (Lakewood),"https://en.wikipedia.org/wiki/Lakewood_Township,_New_Jersey"
298,Burbank,299,California,103695,103340,+0.34%,174,451,6003,318,34°11′24″N 118°19′35″W﻿ / ﻿34.1901°N 118.3264°W﻿ / 34.1901; -118.3264﻿ (Burbank),"https://en.wikipedia.org/wiki/Burbank,_California"
299,Rialto,300,California,103440,99171,+4.30%,223,578,4633,1789,34°06′42″N 117°23′18″W﻿ / ﻿34.1118°N 117.3883°W﻿ / 34.1118; -117.3883﻿ (Rialto),"https://en.wikipedia.org/wiki/Rialto,_California"
300,Allen,301,Texas,103383,84246,+22.72%,271,70,3715,1434,33°05′59″N 96°39′47″W﻿ / ﻿33.0997°N 96.6631°W﻿ / 33.0997; -96.6631﻿ (Allen),"https://en.wikipedia.org/wiki/Allen,_Texas"
301,El Cajon,302,California,103241,99478,+3.78%,145,376,7156,763,32°48′06″N 116°57′37″W﻿ / ﻿32.8017°N 116.9604°W﻿ / 32.8017; -116.9604﻿ (El Cajon),"https://en.wikipedia.org/wiki/El_Cajon,_California"
302,Las Cruces,303,New Mexico,102926,97618,+5.44%,769,199,1323,511,32°19′35″N 106°47′23″W﻿ / ﻿32.3264°N 106.7897°W﻿ / 32.3264; -106.7897﻿ (Las Cruces),"https://en.wikipedia.org/wiki/Las_Cruces,_New_Mexico"
303,Renton,304,Washington,102153,90927,+12.35%,234,606,4314,1666,47°28′34″N 122°11′31″W﻿ / ﻿47.4761°N 122.1920°W﻿ / 47.4761; -122.1920﻿ (Renton),"https://en.wikipedia.org/wiki/Renton,_Washington"
304,Davenport,305,Iowa,102085,99685,+2.41%,629,169,1631,630,41°33′15″N 90°36′14″W﻿ / ﻿41.5541°N 90.6040°W﻿ / 41.5541; -90.6040﻿ (Davenport),"https://en.wikipedia.org/wiki/Davenport,_Iowa"
305,South Bend,306,Indiana,101860,101168,+0.68%,414,107,2457,949,41°40′37″N 86°16′08″W﻿ / ﻿41.6769°N 86.2690°W﻿ / 41.6769; -86.2690﻿ (South Bend),"https://en.wikipedia.org/wiki/South_Bend,_Indiana"
306,Vista,307,California,101224,93834,+7.88%,187,484,5436,099,33°11′22″N 117°14′19″W﻿ / ﻿33.1895°N 117.2386°W﻿ / 33.1895; -117.2386﻿ (Vista),"https://en.wikipedia.org/wiki/Vista,_California"
307,Tuscaloosa,308,Alabama,101113,90468,+11.77%,717,1857,1399,540,33°12′23″N 87°32′05″W﻿ / ﻿33.2065°N 87.5346°W﻿ / 33.2065; -87.5346﻿ (Tuscaloosa),"https://en.wikipedia.org/wiki/Tuscaloosa,_Alabama"
308,Clinton,309,Michigan,100800,96796,+4.14%,281,78,3573,1380,42°35′25″N 82°55′01″W﻿ / ﻿42.5903°N 82.9170°W﻿ / 42.5903; -82.9170﻿ (Clinton),"https://en.wikipedia.org/wiki/Clinton_Township,_Macomb_County,_Michigan"
309,Edison,310,New Jersey,100693,99967,+0.73%,301,780,3389,1309,40°30′14″N 74°20′58″W﻿ / ﻿40.5040°N 74.3494°W﻿ / 40.5040; -74.3494﻿ (Edison),"https://en.wikipedia.org/wiki/Edison,_New_Jersey"
310,Woodbridge,311,New Jersey,100450,99585,+0.87%,233,603,4351,1680,40°33′39″N 74°17′34″W﻿ / ﻿40.5607°N 74.2927°W﻿ / 40.5607; -74.2927﻿ (Woodbridge),"https://en.wikipedia.org/wiki/Woodbridge_Township,_New_Jersey"
311,San Angelo,312,Texas,100215,93200,+7.53%,599,1551,1681,649,31°26′28″N 100°27′02″W﻿ / ﻿31.4411°N 100.4505°W﻿ / 31.4411; -100.4505﻿ (San Angelo),"https://en.wikipedia.org/wiki/San_Angelo,_Texas"
312,Kenosha,313,Wisconsin,100164,99218,+0.95%,280,75,3577,1381,42°34′56″N 87°50′44″W﻿ / ﻿42.5822°N 87.8456°W﻿ / 42.5822; -87.8456﻿ (Kenosha),"https://en.wikipedia.org/wiki/Kenosha,_Wisconsin"
313,Vacaville,314,California,100154,92428,+8.36%,290,751,3449,133,38°21′14″N 121°58′22″W﻿ / ﻿38.3539°N 121.9728°W﻿ / 38.3539; -121.9728﻿ (Vacaville),"https://en.wikipedia.org/wiki/Vacaville,_California"
